"","date","SPY","AAPL","MSFT","GOOG","GS","AMZN","WMT","JPM","BAC","JNJ","BA","TLT","LQD"
"1",2019-04-25,-0.000616234597232784,-0.00911647401085886,0.0325807007612577,0.00591396761863956,0.0042792064347844,0.000262881179221548,-9.66755319475285e-05,0.000528237253906469,0.00199670687511076,0.00322732475516252,0.0193608174340825,-0.00145773974178853,-0.000503111920993355
"2",2019-04-26,0.0046459140590716,-0.00478544108365307,0.00571337845875458,0.00688597112255334,0.00830709147115061,0.0251150038094007,-0.0194104417309415,0.00754125177986056,0.00893603478973755,0.00528508419494161,-0.00526469636642537,0.00339807654451664,0.00351658310105124
"3",2019-04-29,0.00156649523912144,0.00151625197401971,-0.000924214995642922,0.0120324465878935,0.0187322411784419,-0.00627400494408428,0.00029538061997858,0.01431137298978,0.0137437041112967,-0.0039254118135432,-0.00457984565036286,-0.00640107524377406,-0.00393612752763572
"4",2019-04-30,0.000510322268369475,-0.0194439774062858,0.00637561065419428,-0.0800892904611617,-0.00484459514150041,-0.00616311800731793,0.0125246717568892,-0.000602935150024282,-0.00619404957199441,0.00967837206270902,-0.00359439173179473,0.00510810100916516,0.000419544426584545
"5",2019-05-01,-0.00754486278317182,0.0479189364639614,-0.0210469812411039,-0.0173138253714136,-0.00579564092507483,-0.00781652938283923,-0.0144958577941917,-0.00769872373124473,-0.0105194465463466,0.00529760177541909,-0.00235917314367891,0.00411654827832018,-0.000319854930624152
"6",2019-05-02,-0.00216132847002572,-0.00652901207806852,-0.013145135115524,-0.00469387278577039,0.00126925658803746,-0.00561340394209058,-0.00207401986791856,0.00216859159745544,0.00789994096769273,-0.00473112774486561,-0.0026574953540644,-0.00477325190633362,-0.0036249971215688
"7",2019-05-03,0.00974018890372571,0.0123546967701202,0.0210897447028292,0.0194128258611834,0.0122664674203265,0.0319134248205218,0.00915241051389372,0.00613306728381348,0.00686160043808164,0.00515368746761397,0.00175468366264086,0.00283436050565481,0.00446647737869211
"8",2019-05-06,-0.00412367737343513,-0.0155632197730724,-0.00583555508426746,0.00336029264811696,-0.00526643174209791,-0.0060873592182445,0.00371549650754066,-0.00890968454076795,-0.00784574141133809,0.000563135352136687,-0.0129937489593154,0.00274570188277891,0.00134425537419786
"9",2019-05-07,-0.0168406882277177,-0.0273270452829182,-0.020736347634366,-0.0129387070532081,-0.018579719389904,-0.0152655254234213,-0.0113858917730976,-0.0164699469020893,-0.0182153314053974,-0.0150324887776426,-0.0394382177409239,0.00763195459909607,-8.39581746200522e-05
"10",2019-05-08,-0.00139032880478745,0.000197040026410684,-7.95068996872717e-05,-0.00669123704999878,-0.00832554123364564,-0.00168282066673249,-0.00992084384263501,-0.00531398610015868,-0.00401886222758586,-0.00128693136877388,0.00702948657248583,-0.0043310883644476,-0.00336465852978143
"11",2019-05-09,-0.00303021440637594,-0.0108022972207575,-7.97069867285207e-05,-0.00334100751654935,0.0033782759575385,-0.00937760297250996,-0.00230792651385976,-0.000799569376171594,-0.00302465229995405,-0.00761150338631285,-0.0100165661694613,0.0040911256682715,0.000926383766104609
"12",2019-05-10,0.00501078674966045,-0.0139502920180033,0.0129043884629851,0.00162466670571236,0.00208089627568774,-0.00521922372432061,0.0235304876981344,-8.88285265699741e-05,-0.00438519152460278,0.0023039026221829,0.00152373955829415,-0.00136189600386922,0.00058895853106903
"13",2019-05-13,-0.0254514363909309,-0.0598767692398678,-0.0301843640727422,-0.0280817915376987,-0.0356694479482478,-0.0362582613403627,-0.0200205915149783,-0.0275742723057368,-0.0460049887589866,-0.0133938083656626,-0.0500075668566148,0.00782497048714127,0.000589019033030041
"14",2019-05-14,0.00900298898175606,0.0157062192286616,0.01112565457739,-0.0102910941704933,0.00669639232890635,0.00952280908592907,0.0039965441330035,0.00791742771837213,0.0130123090883717,-0.00277339687303072,0.016666865951771,-0.00294711364577385,0.00142821515125933
"15",2019-05-15,0.00584039066272116,0.0119080560992624,0.0139839576069251,0.0383212992651017,0.000611140508775836,0.0167224437678749,-0.00409660912153109,-0.00381438989577302,-0.0115973694635737,0.000657471418889869,0.00755077025570371,0.00612353537816299,0.00276693246290249
"16",2019-05-16,0.00921876880791534,-0.00440943838680758,0.0228289674020762,0.0126069290102076,0.0138547427982565,0.0192769245062892,0.0142156631318847,0.0127482251973642,0.0105485480545297,0.00945048549436068,0.0233621580669293,-0.00333546014021617,-0.00159228699851031
"17",2019-05-17,-0.00648615931350301,-0.00569797921622722,-0.00669252112307242,-0.0142487980938066,-0.00862405471738617,-0.0204266239691612,-0.00445163290596349,-0.00486315418679664,-0.00666781873991602,0.00288994239325529,0.00341407251675799,0.00222481375067374,8.40442545033514e-05
"18",2019-05-20,-0.00663399923085247,-0.0317691855597942,-0.0145505833805743,-0.0203818825754707,-0.00096266380228741,-0.00538097317281517,0.00652226587384491,0.00522244498166533,0,-0.00137163472725074,-0.00630104490527202,-0.00206577534284684,-0.00235074302757536
"19",2019-05-21,0.0089752315220552,0.0189894714299172,0.00537296686844145,0.00942119557496654,0.0094360921127925,-0.000780279821593292,-0.00394779690487625,0.00340687191066237,0.0101595611901991,-0.00216970454842878,0.0167527152068675,-0.00159190507335751,0.000840161479807498
"20",2019-05-22,-0.00307623246982016,-0.0206841554245794,0.00604935952383055,0.00155584565565345,-0.0181947446520889,0.00116218347149664,0.0109172522933953,-0.0081780091139781,-0.00699554017923617,0.00462278198570895,-0.0167811624107614,0.00571931823657539,0.00125887698120089
"21",2019-05-23,-0.0122937117396854,-0.0172169972395522,-0.0117393090394763,-0.00929251095153662,-0.018323561936224,-0.0240545744042775,-0.00362585727246063,-0.0198675546609537,-0.025957040619141,0.00739546398628738,-0.00634127386373528,0.0111846017475129,0.00217853281467547
"22",2019-05-24,0.00226574370496827,-0.00384794154331346,0.000475312351846308,-0.00641979219495469,0.00535107127491714,0.00428720824010342,0.00792054911048627,0.00980083032186369,0.0150163695490508,7.21413611866702e-05,0.0123327102437574,0.00086131946042484,0.00209021728697017
"23",2019-05-28,-0.00934401418601688,-0.004143392645598,-0.000633781349953984,0.000599794517500514,-0.0186178503171274,0.0071864061882035,-0.00243789100220717,-0.0109060971046482,-0.00998586573122517,-0.0129024467702556,-5.6293007742272e-05,0.0071741042758597,0.000667996007985857
"24",2019-05-29,-0.00673338291464638,-0.00478056041264053,-0.00971738874017629,-0.0157205623697346,-0.00286745905112743,-0.00943218432925774,-0.00293336193065631,-0.00276822289479333,-0.00539082998515966,-0.0427784880878255,-0.0172811050496685,0.00302582043425613,0.000417060421718917
"25",2019-05-30,0.00272732397713863,0.00517326427808243,0.00630306890393431,0.00133367670171066,-0.00362264850461295,-0.00157886826629861,0.000685217515277005,-0.010776772930178,-0.0214905425835329,0.00592173131351091,0.00306294119160601,0.008561600308473,0.00574028496075468
"26",2019-05-31,-0.0135668027801741,-0.0182816318563481,-0.0164391281511772,-0.0128918558991908,-0.0263897673221434,-0.0229726180308285,-0.00736636939406269,-0.0103277247430018,-0.0208340345137506,-0.00729320476230735,-0.0238918431704126,0.01244170573534,0.00232003698320379
"27",2019-06-03,-0.00254616155736597,-0.010161784397291,-0.0315401278173588,-0.0630156436657617,0.00382849244895697,-0.0475208837298492,0.00511314949109918,0.00470762052313278,0.00300291539251862,0.00220870302784514,-0.00799412248756056,0.00666684114732185,0.00307499404673757
"28",2019-06-04,0.0214744656184522,0.035930700046764,0.027326895846647,0.0161016543183606,0.0358683777545247,0.021548130395287,0.00586738937053221,0.0303445245724488,0.0454291051824421,0.0172722570288741,0.0167667512591032,-0.0114669645049569,0.000331101768031175
"29",2019-06-05,0.00862500120939805,0.016014363479379,0.0214474589548232,-0.0103377362785986,-0.00761266689803151,0.00515559745218282,0.0179731185500598,0.0035475808081549,-0.0003581875177812,0.00484881444491182,0.0119129331258012,-0.00566811374420805,-0.000662049589151002
"30",2019-06-06,0.00648143465419152,0.0145750696242561,0.0156912188126633,0.00203204872469869,0.00724392373335933,0.00908143702811456,0.00658626201122168,0.00217697545046315,0.00431344293656056,0.0169707279744941,0.00540485919450589,0.00322093302174248,0.00190227289724722
"31",2019-06-07,0.00995719312388091,0.0262689061882439,0.027622976152029,0.0205658106928578,0,0.0279189577951384,0.00899756689529706,-0.0110236913014469,-0.0126332791322732,0.0135890233135419,0.00868902700418828,0.00861439864279742,0.00445227662088718
"32",2019-06-10,0.00457855922604754,0.0126984723002288,0.00909113592120597,0.0133619506548188,0.0224529210780503,0.0308920754515858,0.0136719588157656,0.0107517091233021,0.0194250207512069,0.00338663940838893,0.000282559166729048,-0.00945698914305431,-0.00362622150388454
"33",2019-06-11,-0.000242288990066485,0.0115130241133546,-0.00377788333993486,-0.00153770955078999,0.00313747228127651,0.00164859007207923,0.00389866371506666,0.00307673323623709,0.00603806353542066,0.00545187497317417,-0.0127147372715167,0.000612960515173953,0.000907723221123247
"34",2019-06-12,-0.00176686983294855,-0.00318760410818537,-0.00462840645577645,-0.00156784631443944,-0.0234326750649522,-0.00450657399782197,0.0081195882472098,-0.0128213317919893,-0.0103221744272636,0.0135011008979187,-0.00660579804732845,0.000765347670679472,0.00148365255776647
"35",2019-06-13,0.00411774719469922,-0.000206118084094154,0.00629238797494207,0.0108413572098136,0.00644535493031368,0.0080417131909476,-0.0015634437437046,0.00246791689384544,-0.000357811743559803,-0.00686985382648534,0.00525942677551092,0.00343771857762657,0.00255012779326817
"36",2019-06-14,-0.00110546778903229,-0.00728883385999794,0.000982034665719184,-0.00314614356826719,0.00109625874033795,-0.000336903766764418,0.00385818508399738,0.00255284440873762,0.00357269606466536,-0.00441598314673968,-0.00488488825909693,0.00251352551909707,0.000410598367267114
"37",2019-06-17,0.000380175247561588,0.00594884433950232,0.00301547011902119,0.0065661544806567,-0.00433991273708376,0.00871213790271718,0.000824832131067332,-0.00547833061612518,-0.00393070881879669,-0.00465060138849597,0.0220502895758815,0.0017480929509752,0.000492711437909452
"38",2019-06-18,0.0104164787283994,0.0232461820508776,0.0172385398115667,0.0101088936263757,0.0215138881497502,0.00810057019896194,0.00447871328741903,0.0135498986793742,0.0244044509370569,0.00564948030324791,0.0523127765925764,0.00499898250780334,0.00662666273582491
"39",2019-06-19,0.00225465794916426,-0.00292690860791217,0.00391368021451875,-0.0011514600911833,0.00337938830607411,0.00389487754530051,-0.000273618402528414,-0.00725228301280849,-0.010537612520831,0.00156760599367942,-0.0145452686688528,0.00143459587332041,0.00633982166928577
"40",2019-06-20,0.00950898003880665,0.00800346396762473,0.0092428216426313,0.00821243508917925,0.000306549418659348,0.00491244843319656,0.00636540455998702,0.00254433625406955,-0.00176700111859886,0.0124533538883202,0.0170024366651004,0.00263739345118742,0.00541394032475014
"41",2019-06-21,-0.0014545412177042,-0.0034150989676025,0.000146212977819001,0.00936733735391227,0.00122565891746517,-0.00359833787381819,0.0073154337246304,-0.00682977350260975,-0.00532010448115669,-0.000844398127460341,-0.00814236301915411,-0.0110475658527159,-0.00363290397798712
"42",2019-06-24,-0.00122529405679023,-0.00100659183206131,0.00589618105221488,-0.00568517212756978,0.00787951997192887,0.00135939315631467,0.000989320797166219,-0.00715269903717995,-0.00499116781764357,0.00680358155863815,0.00576537163430106,0.00742888215196792,0.00250418212383964
"43",2019-06-25,-0.00985634255335469,-0.0152736248477545,-0.0320812741073077,-0.0264972507315371,-0.0072672923405956,-0.0187919065334233,-0.00468551101892821,-0.00831714284324813,-0.00789381416478692,0.00821443640747618,-0.0125655844822011,0.00309187759921543,-0.00298955418143873
"44",2019-06-26,-0.000997913990444908,0.0213984585434861,0.00374030463761657,-0.00604754692596303,0.00483374498045771,0.0103599539573249,-0.00507054847617106,0.00665923715654182,0.00538898488424556,-0.016708402065428,0.0151025264627327,-0.00642032501338911,-0.00202510506908722
"45",2019-06-27,0.00353980271465472,-0.000300320746509499,0.00164126394873535,-0.00351611951052443,0.0116571368120497,0.00339289458383488,-0.000544915229471524,0.00331306727098226,0.0106913322404567,-0.00821123621041867,-0.0295571805437459,0.00702234461017807,0.00582099665207925
"46",2019-06-28,0.00513248825308342,-0.00915369860334433,-0.00141713212877429,0.0045435457315388,0.026145207471111,-0.00560837503785822,0.00353594169394,0.0268326636335291,0.0276194216067179,-0.0100725644870424,-2.7482893578584e-05,-0.000677638380958392,0.00257632713215764
"47",2019-07-01,0.00903764121533268,0.0181747062284535,0.0127578322485481,0.0156414496793997,0.0109854640383875,0.0149695057554674,0.00117596591588505,0.0166758764855922,0.0143788083524914,0.000574291092969097,-0.0209592248322911,-0.0023414953091734,0.0018932264819718
"48",2019-07-02,0.00260081031930753,0.00583745518921006,0.00661127082211977,0.0120407477647409,-0.00426328394260036,0.00628557391618619,0.0088200799929737,0.00105512453438067,-0.00921976072492403,0.00479601582496893,-0.00647323841341486,0.00768375984689412,0.0027325689971732
"49",2019-07-03,0.00796332310463364,0.00825277306633408,0.00642252342530519,0.00925285839380883,0.000291316394166423,0.00242167201725243,0.00643085701827985,-0.00159419334484914,-0.00343648789476501,0.0149558611316428,0.000874825522196309,0.00710368919325352,0.00272525358089567
"50",2019-07-05,-0.00113851749831159,-0.000881051935977941,-0.00291420027511992,0.00888532707533124,0.00898690417633054,0.00201449043798176,-0.00303153907050745,0.00592107780016342,0.00720299617388102,-0.0111069105452914,0.00391365732100732,-0.0133515485248423,-0.00884392083992225
"51",2019-07-08,-0.00550986219466636,-0.0208294026312876,-0.000729877125328363,-0.0135592799514426,-0.0103953994367284,0.00483151462345379,0.00658652401692717,-0.00547803168766758,-0.00205273507576101,0.00284155367833436,-0.0134092736881973,0.00135814991391088,-0.00137383187927247
"52",2019-07-09,0.00124575393917748,0.00608095349086394,-0.00365728691955728,0.00756746064614037,0.00976997276975113,0.0182616456041163,0.00141843055769947,0.00424368303811265,0.00512383705929288,0.00311644735527576,0.00559500805087663,-0.000376936335873501,-0.00210463446325394
"53",2019-07-10,0.00476664219821566,0.00984008749611448,0.0101346808776454,0.0138173348739069,-0.00870128980315278,0.0145345004287241,0.00088553663332399,-0.00291559425201899,-0.0113073059692089,-0.00141540450458585,-0.00224001706027768,-0.00552213077541435,0.0022663875064962
"54",2019-07-11,0.00234138735441955,-0.00730904849569803,0.00398170452869525,0.00326519957654148,0.0257850149360722,-0.00813251684188528,0.00828564095313879,0.00951047147184009,0.0116480004496922,-0.0078203309969859,0.0188393696062174,-0.0134404644858392,-0.00591980779670762
"55",2019-07-12,0.00446705590779582,0.00765344790203799,0.00360622327580625,0.000602909449895374,0.0121801087797297,0.00495010027760985,0.00595133038583098,0.0104621306081894,0.00306072702486036,-0.0423517747107444,0.0174786631905475,0.00115248567652097,0.000975484106359694
"56",2019-07-15,0.00033257671200327,0.00935109780364718,0,0.00474020338594194,-0.0110925149771257,0.00495537462513532,0.00331041588509888,-0.0122165583048545,-0.00784052200287839,0.00304826378731667,-0.0102347860582843,0.00574280588024544,0.00170493751554123
"57",2019-07-16,-0.00323048102400989,-0.00346592507765567,-0.0131895773025108,0.00281259092812641,0.0184506776595553,-0.00550250388518872,-0.00191516761821265,0.0106542618535961,-0.00790255217472337,-0.0165417233303001,0.00314759363400109,-0.00298176064814412,-0.00211132007541673
"58",2019-07-17,-0.00682826970798121,-0.00563933082676499,-0.00592637952120248,-0.00628715137370772,-0.010354219778344,-0.00893074768248203,-0.00139524826688615,-0.00986436957964672,0.00687539355533653,-0.00484180847022229,0.0184910459621966,0.010739979341638,0.00526995308609717
"59",2019-07-18,0.00365420848386487,0.0112957129700114,0.00110015545802215,-1.74642781323666e-05,0.00570344865299261,-0.00711854590867148,0.00104663191952119,0.00594763949374738,0.00988574105789974,0.00159129803981471,-0.0230223707029248,7.55857779892769e-05,0.00234207360852154
"60",2019-07-19,-0.00557038210964966,-0.0150400991865648,0.00146488288169624,-0.0142593934254781,-0.00467250190163079,-0.00678773708659076,-0.00717350496578008,-0.00990313831723555,-0.00271730765828991,-0.013415870340603,0.0440170229226273,-0.00235115478060992,-0.00153399947293666
"61",2019-07-22,0.00245342168707063,0.0225968157381255,0.013161370097556,0.00702769464027804,0.0022455131876654,0.0106882958026836,-0.00952727244411137,0.00640882141239659,0.00576559502288745,-0.0128984729423564,-0.0104956479430684,0.0018965155865406,0.00306565764508104
"62",2019-07-23,0.00712461668680944,0.00778728709629228,0.00619343125783549,0.00712701576596889,0.0250572489551711,0.00445212689362427,-0.00649150220715031,0.0181247123848322,0.0227359029122208,0.00155347607804043,-0.00093776239899571,-0.00547188497076157,0.000563602291870124
"63",2019-07-24,0.00468852761786809,-0.00081423664016469,0.01021399171123,-0.0073553995125275,0.011779215559844,0.00316375450861354,-0.000803262616910989,0.00403113307665756,0.0137888199097454,0.00726936240598606,-0.0316977623222668,0.00433407757144609,0.00281371700345725
"64",2019-07-25,-0.00478861982812456,-0.00793862427932122,-0.00377340762538102,-0.00501343722734472,-0.00927590994127141,-0.0135814039724437,0.00196238889936689,-0.00963283899861041,-0.010818077532204,0.0102722514585423,-0.0376072782471822,-0.00479154366361675,-0.00321627061540297
"65",2019-07-26,0.0066776759376889,0.00347184424313595,0.0081696197761716,0.0993795479117664,0.00977125033727573,-0.0157117954009501,0.00710353451185163,0.00439789989261961,0.0140732775477448,-0.00297872130458687,-0.00891667657936654,0.00236087621142704,0.00136813530699083
"66",2019-07-29,-0.0018228511065214,0.00929522374617524,-0.00219569024218143,-0.00883603735911952,-0.00822679878149699,-0.0158738117198809,-0.00665813188150497,-0.00318864962681338,-0.00815800485906556,0.0173653762471097,-0.0139814233590115,0.000304083389462097,-0.000643551584388294
"67",2019-07-30,-0.00245770258985535,-0.00430152607032974,-0.00483328849647302,-0.0115803519415709,0.00488991196404924,-0.00730519917561083,-0.00187218127319416,-0.00224688649203605,0.0120503157152135,-0.00709179427012336,0.0210865073853192,0.00243039911370228,-0.000322030110656665
"68",2019-07-31,-0.0110006029781708,0.0201989788969703,-0.029501064818476,-0.006929253270934,-0.00575266439283166,-0.0168648807383119,-0.0151055659658258,0.00354076427400149,-0.00682154350037058,-0.0141823547246673,-0.0182393698798517,0.00800825921366832,0.000885133619485304
"69",2019-08-01,-0.00874604047687914,-0.0218768328612292,0.013050030279223,-0.00632403098515333,-0.0395206044433041,-0.00615787823556658,-0.00910093697920581,-0.0267334289735501,-0.0395597851934393,0.000537359589060424,-0.0204012884600277,0.019665730518996,0.00809729918862645
"70",2019-08-02,-0.00755809485512589,-0.0213851253430849,-0.00843766582354691,-0.0125012198175943,-0.010594688652037,-0.0174420261438191,0.000182870255472421,-8.8565832512308e-05,-0.00373707755634152,0.00596879672510088,0.0156418161132606,0.00919897458639742,0.0010397191774173
"71",2019-08-05,-0.0305345173388337,-0.0537678016726189,-0.0348590259791488,-0.0355233767342888,-0.0374207309069185,-0.0323907877745598,-0.0332712509638051,-0.0302045842910982,-0.045256581316136,-0.00696701940385254,-0.0253511164467093,0.0171405196915386,0.000718874801365081
"72",2019-08-06,0.0139254714375458,0.0187534656283286,0.0185842980616492,0.0151837163552396,0.0212423713811775,0.0127782244239806,0.0136093746545054,0.00781821363626361,0.0120355892545658,0.00467560623098459,0.00419000871100549,0.00796138513735077,0.00621021687059051
"73",2019-08-07,0.000590664338798281,0.0103020563742496,0.00437068127488139,0.00344722399247397,-0.00131136566364785,0.00311070359773554,0.0086323979592534,-0.0219728517046464,-0.0188250132292026,-0.00429148532974387,-0.00322378951816752,0.000357133198008955,-0.000158715591111248
"74",2019-08-08,0.0194299511964458,0.0218161918710344,0.0263356636505747,0.0259054237700386,0.00610553064608554,0.0217806914113514,0.00786341316303387,0.0167979239281811,0.0174164809661592,0.0112259941021002,0.0211071762072725,0.00214012489939375,0.00269542432132662
"75",2019-08-09,-0.00683482141146204,-0.0082745323641579,-0.00853209167853608,-0.0140339719032608,-0.000483294106868145,-0.0139050545725025,-0.0114922608530321,-0.00109306016793821,-0.00176329808206472,0.0027302912350549,0.00356134070870762,-0.00199726246878681,-0.00293354900534987
"76",2019-08-12,-0.0122479079822438,-0.00254070693298202,-0.0140407064414502,-0.0112583714073138,-0.0263468942744645,-0.0126152888060183,-0.0193887386387212,-0.0189499501928561,-0.0246573740232235,-0.000833539636707819,-0.0137513743711849,0.0206352880655292,0.00625322546302632
"77",2019-08-13,0.0154319928322441,0.0414763048327088,0.0204827097231616,0.019022706330999,0.0127704679090512,0.0218446382020165,0.0205998871793311,0.0152983756268144,0.00289023194740995,0.0112306244281603,-0.00024032935075145,-0.0034332898362761,-0.000789507324416711
"78",2019-08-14,-0.0300135693390246,-0.0302170465128447,-0.0305772284763868,-0.0279324890854793,-0.0427918998566201,-0.0342240667155813,-0.0113292989182069,-0.0424084816696791,-0.0480328627384497,-0.0239696945532469,-0.0380893599999074,0.0222795094283473,0.00291765225954318
"79",2019-08-15,0.00263828827588007,-0.00499395535242366,-0.00224167926090924,0.00254763787519506,0.00316540728610408,0.00743701460235763,0.0593167150846093,0.00380946192236056,-0.00645535399850371,0.00214733897244644,0.0233809920166417,0.0110580442430793,0.0048702037614887
"80",2019-08-16,0.0146471868612631,0.0233206551511908,0.0181615648971777,0.00881931806775766,0.0163806209452458,0.00921910716886693,0.00265852858852737,0.0236720510879006,0.0292814929527951,0.00626193377233281,0.00744187403718172,-0.00804248325829578,0.00180052385853003
"81",2019-08-19,0.0119758010194542,0.0184724188275727,0.0166100146310432,0.0175505657086773,0.0138441059293806,0.0130520403292909,0.00723108843283375,0.00896453067448315,0.008839820899402,0.00675246757953653,0.0100265715916609,-0.0144057826772237,-0.00329060338202514
"82",2019-08-20,-0.00769214545763903,4.75508173521388e-05,-0.00834344298508531,-0.0132375591973654,-0.011039929456894,-0.00814931393232308,-0.0155851350954551,-0.0127779786310375,-0.0203749484563136,-0.0125547622161642,-0.00610033139941577,0.0102912638735833,0.00579026988811857
"83",2019-08-21,0.00810264258119932,0.010780235692555,0.0110849676926666,0.00721172086292312,0.00349424184792888,0.0122266476449878,-0.000267814254608021,0.00279168953335867,0.00782853571952901,0.00709565952833755,0.0245345256835267,-0.00668748291297356,0.0017929241248219
"84",2019-08-22,-0.000307990771254872,-0.00084683450514737,-0.00730376758763263,-0.00144488048310068,0.00863304763849423,-0.0104074610197069,-0.000982428404412449,0.0102622501628763,0.00960837982216923,-0.00197870994672355,0.0415381796929382,-0.00666295319497586,-0.00366708997511989
"85",2019-08-23,-0.026022972326906,-0.0473227327516887,-0.0323810054972256,-0.0326752088017762,-0.0312101745957324,-0.0309736085893582,-0.00969749066232137,-0.0251481004967914,-0.0268372739359507,-0.0273375512731589,0.00450444643817095,0.0163009879195067,0.00366708997511993
"86",2019-08-26,0.0109976063061124,0.0188209271044135,0.0153254167224283,0.0151715066745242,0.017431328543318,0.0109423031627871,0.0104120330684367,0.00798551227761017,0.0116434413438929,0.00801328648975106,0.0084749680683127,-0.00405050956484788,7.7918735570748e-05
"87",2019-08-27,-0.00393133842035884,-0.0113479581095255,0.00213868355434786,-0.000898733768314587,-0.00794530958487384,-0.00398790519032513,0.00383233832905634,-0.0106300038909252,-0.011643441343893,0.0142947481376708,-0.0120768463584198,0.0152915313172755,0.0053590854587238
"88",2019-08-28,0.00701700577794674,0.00668803194684307,-0.0013270118564457,0.00271932136054839,0.0117945784301317,0.00137265428474756,0.00266496789010494,0.00997472163188813,0.0142539395865167,-0.00743270244799468,0.0146637195472902,0.00128633439865219,0
"89",2019-08-29,0.0126919147637499,0.0167899993203561,0.0187085577692338,0.0184702006775334,0.021212491684596,0.0124767640798495,0.0119931455670542,0.0224062923491988,0.0177191478379162,-0.00342507763270322,0.00766562842228288,-0.0037959374977966,-0.00217133810213177
"90",2019-08-30,-0.000444225329289201,-0.00129256495211091,-0.00188404584969796,-0.0039900093639046,0.00230759069038981,-0.00567549349459279,0.00157658933278387,0.005842689782737,0.00656450805976793,0.00093528256490306,0.00371476264391295,0.000271399563671103,-0.000155173051168921
"91",2019-09-03,-0.00586448876871982,-0.0146707531759579,-0.0132898032167551,-0.0167286266615525,-0.0245246369877225,0.00759926990251283,0.00332018946823094,-0.0119038949490907,-0.0168626101861761,0.00295603330955963,-0.0269183609848134,0.0012917364364444,-0.000942410295504121
"92",2019-09-04,0.0112865683879339,0.0168242738668715,0.0116200774971516,0.0110819235477162,0.0137760951886856,0.00600483587580072,0.0110173121452707,0.0119947956665231,0.0161354065733866,0.00093165184856143,0.00593566973494636,0.00149327308000615,0.00186840549762322
"93",2019-09-05,0.0127734415643623,0.01936284193025,0.0174304908574728,0.0250515405646519,0.0260301511932463,0.0220257364120625,-0.00406314790513757,0.0224991993129307,0.0292280903866658,-0.00217522179841798,0.0105185253253753,-0.0182763069170966,-0.00733812060866441
"94",2019-09-06,0.00077180729224661,-9.38017786104974e-05,-0.00680639985605194,-0.00533869094777264,0.000772417561467189,-0.00392461565641331,-0.00616933919351928,0.00213349746119266,-0.0139662040576451,-0.00288168750236422,0.00746590043171053,0.00708995382022033,0.00359774056976053
"95",2019-09-09,0.000503330632388318,0.00425805142282561,-0.0114236669067984,-0.000431670074859899,0.0227591638954592,-0.00117878132227153,0.0138493730838985,0.0244738785302829,0.0319401922882472,-0.00987634994132959,-0.0116934858999653,-0.0179249479177178,-0.0073656568000194
"96",2019-09-10,-0.000234793200469184,0.0117437899096001,-0.0105264527429834,0.00131924959502603,0.0170720658791721,-0.00591470654246452,-0.0024098321791606,0.0126578519197078,0.0248374866995676,0.0202736660613021,0.0294142495802617,-0.0176832881894988,-0.00845091138144559
"97",2019-09-11,0.00708579868679467,0.0313001421448529,0.000293740661741033,0.011681131055505,0.00541130352496623,0.00133932457917948,-0.000258582074957501,0.00273433577921369,0.00374079345583154,0.012427251180518,0.0357547332877216,-0.00177848504222439,-0.000793392847177999
"98",2019-09-12,0.00345771609638985,-0.00223877132259497,0.0102327120812424,0.0114732687963366,0.00890856044768007,0.0112150824926178,0.00772736686709076,0.00612507504867404,0.00710307463309821,-0.00565764900750122,-0.0192737204824899,-0.00657245057487268,-0.00135047405031837
"99",2019-09-13,-0.000663970193780537,-0.0196457196852158,-0.00145548160680243,0.00429302737781474,0.00528900753132404,-0.00228629408792767,0.00435254003187001,0.0194849278722752,0.0167116472527059,0.0026800213428651,0.0109348696769528,-0.0215904729159879,-0.00902225043308568
"100",2019-09-16,-0.00309352803283239,0.00524338121513865,-0.00723549859976737,-0.00668596392262375,-0.0122622059565617,-0.0172740494653308,-0.01596606345769,-0.00893942878137886,-0.00132674793859857,-0.00952690854781928,-0.0023991653326422,0.0126630645762489,0.00504022893211441
"101",2019-09-17,0.00252871036053815,0.0036314069785092,0.00774518123652823,-0.00174766850247162,-0.00604893616349152,0.00810390258018011,0.00810075074802858,-0.00496365579877587,-0.006325966893341,0.00100311448787489,0.0140229173212864,0.00540907391149167,0.00255030029032532
"102",2019-09-18,0.000598062066841453,0.00933559223005588,0.0081910689405916,0.00264873643474271,0.00540423002685786,-0.00279674578026674,0.00556343400183367,0.00998624893017989,0.0020020411989813,0.00569059708659211,0.0057357909083139,0.00423466368084922,0.00246464399266654
"103",2019-09-19,-6.64898943209603e-05,-0.00815815665863647,0.0182415661593,0.00509885449650323,-0.008558781456831,0.0022204369947433,-0.000426888463240541,-0.00317809965388325,-0.0060181205100893,-0.00230311029646712,-0.00511126463081996,0.00300360452943759,0.00285436193117903
"104",2019-09-20,-0.00473602899756158,-0.0147260687889972,-0.0116218813583983,-0.00711318294011117,-0.00694682548777501,-0.0151233726802128,-0.00111064631419453,-0.00402883801040828,-0.00774281605577879,0.0117666457546784,-0.0132230111680574,0.013124256554249,0.0068646787385655
"105",2019-09-23,-0.000234688354762153,0.00453666235051616,-0.00215380798246811,0.00332795877037794,-0.0013108374703839,-0.00495046900312254,0.0054560712428835,-0.000168259451642656,-0.00236844947732847,0.000683332602767911,-0.00624001455760082,-0.000211472937668535,-0.000707828501804119
"106",2019-09-24,-0.00787777412696713,-0.00476631106754382,-0.0127296977187428,-0.0124513032415431,-0.0271140933375308,-0.0247765316275724,0.00660961429609259,-0.0131240436405051,-0.0198433375849692,-0.00144318275344666,0.0121792296233503,0.0119821038684096,0.00314266254284472
"107",2019-09-25,0.00589735038301698,0.0152724020132089,0.0143095997451736,0.0225217281936935,0.0109149166363535,0.015225609344115,0.000591054880356871,0.00569411808946318,0.0106548896983621,-0.004266054075754,0.0118514376747288,-0.0147351220751072,-0.00566401134827399
"108",2019-09-26,-0.00208541065543153,-0.00517101491398513,0.00129073540678505,-0.00412395319631663,-0.00865514527922353,-0.016242438066297,-0.0014359901315506,-0.00825430857512356,-0.00411108201269043,-0.0164719275421439,0.00178506238365859,0.00641191632428901,0.00212776050953386
"109",2019-09-27,-0.00540173693140319,-0.00487787208848786,-0.0130560647677294,-0.0132174486942621,0.00359553291336674,-0.00830527780378902,0.00126717363913514,0.00587861939931025,0.00752407423381669,-0.00194215905866143,-0.0104710779826567,0.00245510235738883,0.000236107434011647
"110",2019-09-30,0.00462701845185915,0.023262541663631,0.00939453206354645,-0.00498343243350426,-0.00836147412947693,0.00604393353294066,0.00193981143318939,-0.000254860441471153,-0.00615181169170881,0.00604691324118783,-0.00626208689531889,0.00244919562588754,0.00330014340472837
"111",2019-10-01,-0.0119660164876391,0.00276441867744018,-0.0141978508631195,-0.0114683193632853,-0.0221515482546353,-0.000149794326551857,-0.00701810901672821,-0.0183507538022883,-0.0253441460974752,0.0047037893185432,-0.0146413083017577,0.00300592125005497,0.00114770859621331
"112",2019-10-02,-0.017822555233813,-0.0253874315017771,-0.0178130672273368,-0.0239081065679459,-0.0221487797445666,-0.0130015308137288,-0.014788517607784,-0.0201055801157917,-0.0213227481519183,0.0153442760803748,-0.020423736264932,0.00244028882528559,-0.000393004750487091
"113",2019-10-03,0.0081594360648167,0.00845879873271585,0.0120328376510855,0.00947365144766941,-0.00510757931029578,0.00651032155421385,0.00163488112635421,-0.00142503328663043,-0.00107824253947544,-0.00615517097782974,0.0127397754353404,0.00908061090409425,0.00392185783142577
"114",2019-10-04,0.0134413777761654,0.0276461861100436,0.0134111763960335,0.0176654956170831,0.0178881094722452,0.00879316978729303,0.0157806008865185,0.0214284162704532,0.0199366881404375,0.0186525459789821,0.00970900385681139,0.00735606681499044,0.00414059249700428
"115",2019-10-07,-0.00432406522396303,0.000220211294352317,-0.00726632213790854,-0.00109236316083156,-0.00199409359517202,-0.0040261378306811,-0.00790174737157489,-0.00218349744352789,-0.00211722612100769,-0.00374780854075438,0.0022332849385016,-0.00832279290603378,-0.00508022738813917
"116",2019-10-08,-0.0156464751481883,-0.0117840963207643,-0.0106309923107191,-0.0154792569590087,-0.0152352479402145,-0.015793627427194,0.00298112579880554,-0.022548438320155,-0.024312970589174,-0.00996235162285157,-0.0065011512319234,0.00269035137926907,-0.000862349295724997
"117",2019-10-09,0.00945163230646896,0.0116520010481977,0.0187658249880801,0.0110228039151889,-0.00263806509947129,0.00961640087461868,0.0114161212708321,0.00721766785889667,0.00936607314321019,-0.0200726948512947,0.00229618973583667,-0.00566466746391481,0.000391925789016326
"118",2019-10-10,0.00674064945851318,0.0133883379328314,0.00620180889266693,0.00527586249629254,0.0152250567964074,-0.00100514497532276,0.00570136231285245,0.0139307902551943,0.0198799588819323,-0.00123901052116519,-0.0106172594251097,-0.0150065249422478,-0.00589690336282506
"119",2019-10-11,0.0103135797711027,0.0262507022535793,0.0041609097124477,0.0055937203541223,0.0237806400242396,0.00675519709717739,0.00525326264026028,0.0167574816989014,0.0160394104158634,0.0174358838339841,0.010510609998128,-0.0124540674936312,-0.00181540405863084
"120",2019-10-14,-0.00111436448733731,-0.0014404354467073,-0.000931058396265917,0.0013895184108687,0.00555431822608211,0.00260066741505934,-0.00893871346534622,0.0026656392917037,0.00792421731705386,-0.00465568343945496,-0.00465185507648234,0.00723669408054964,0.00331252735428836
"121",2019-10-15,0.00985163218946559,-0.00233446299010746,0.0143713977691482,0.0210320089042052,0.00310465808273811,0.0176669142918735,0.00301631848635154,0.0296963781867013,0.0200448048354556,0.0160878752421926,-0.00596662732177909,-0.0121620341284714,-0.00268062734010302
"122",2019-10-16,-0.00160737027549996,-0.0040453003817755,-0.00822762877839171,0.000506709836242277,0.0046389837794872,0.00567030433813781,-0.000920674594241211,-0.00233683447846163,0.014691507798442,0.0173878080575786,0.00395492534602893,0.00121568816948122,0.00110465481438716
"123",2019-10-17,0.00294472046702983,0.0038752655171685,-0.00514104848938873,0.00755392175137945,-0.00463898377948721,0.00563826437586679,0.00351083217359675,0.00558261230917458,0.00297859532646681,0.00737077952020045,-0.00908985942395319,-0.00243275476334204,0.00141856779689094
"124",2019-10-18,-0.00438674192280321,0.0047913420987437,-0.0164565569737718,-0.00606747842627175,0.00029061496874571,-0.016908755246515,-0.00585822804940366,0.00174343689973165,0.00296984965815766,-0.0642203338385891,-0.0703175632537937,0,0.00125928774813847
"125",2019-10-21,0.00675628242452621,0.0171940188876744,0.00739556030353382,0.000529798856760949,0.0131323790959423,0.0158900735546411,0.00502338238496469,0.0244984065326213,0.0218356698642869,0.00250282936764312,-0.0383421716883382,-0.00755103612774812,-0.00228367956070889
"126",2019-10-22,-0.0032720508563866,-0.00228937414933971,-0.0149929095077813,-0.00269187964774953,0.00167128841518124,-0.0112239225471865,-0.00133706439274796,0.00998635337892047,0.005785853321247,0.00917499860455799,0.017783388301842,0.00583008869309461,0.00173286183752777
"127",2019-10-23,0.002905290970421,0.0133295941491447,0.0063595344215665,0.0130540722915801,0.0081726360934939,-0.00201816218377924,-0.00192526526685389,0.00264096268586481,0.00702656577836378,0.0054034049823565,0.0103321791360469,0.00100411619560806,0.000550817723181146
"128",2019-10-24,0.00163272011889066,0.0016435189922194,0.0194825605950018,0.00147610855151075,-0.00127860266218911,0.0105054577531518,-0.00209688277971008,-0.000719591086354306,-0.00191144194595488,-0.0186485651169598,0.0118240858629981,-0.00200924165405264,0.00219982730794333
"129",2019-10-25,0.00408658812392661,0.0122410934838941,0.00562925564639508,0.00327776884297444,0.0149551563173497,-0.0109823063502391,-0.000503922739958674,0.00796623171701812,0.0114141648270417,0.00664456840438972,-0.013793713113771,-0.00489714454757939,-0.00172809778398352
"130",2019-10-28,0.00562067726298777,0.00996717919891155,0.0242888216725561,0.0194673307236608,0.0162973927921209,0.00890236259217841,0.00151100704472248,0.00380143060765833,0.00377600520693303,0.00644583224105375,0.00308497591405121,-0.00913808929507252,-0.00299195691004427
"131",2019-10-29,-0.000296622880753818,-0.0233995750700435,-0.00947679007812297,-0.0214532951781901,-0.000505226566076081,-0.00811916767779419,-0.0175153824900671,-0.000632519483954736,0.00719765945748043,-0.000464649817826864,0.0233408338732321,0.000655845324818735,-0.00260539652215687
"132",2019-10-30,0.00306239733084938,-0.000123282591082766,0.0123853755371082,-0.00105388552300174,-0.00844401916948439,0.00975536527491312,0.00807653641979373,-0.00555207257467212,-0.0141311200469461,0.0284033275955955,-0.00825911158078411,0.0145281306038173,0.00355126028259078
"133",2019-10-31,-0.00266671642735765,0.0223577356741324,-0.0086119323998557,-0.000936030835985281,-0.0113236865585176,-0.00187252439825584,-0.007137970177359,-0.00646326883796394,-0.0111307080318081,-0.00604059354956499,-0.0179312974953341,0.0133999725365591,0.00604748316534686
"134",2019-11-01,0.00922119621687768,0.0279855532595353,0.00243841569928659,0.0107584400025288,0.018618371610609,0.00828451648561923,0.00306538328949922,0.0227930717612146,0.0168070837998028,-0.00638202714312064,0.0154141274723794,-0.0030827938518774,0.00098098949883378
"135",2019-11-04,0.00400972308578296,0.00654558729180586,0.00575853302269604,0.0137462196271584,0.0113434232979902,0.00735249445091191,-0.000425218603372021,0.00794952140872536,0.0186923027186515,-0.00742081372964106,0.0169475521653768,-0.0132491185868551,-0.00471735447898189
"136",2019-11-05,-0.00110679169381358,-0.00143783638707693,-0.000622791627198173,0.000510980884283929,-0.0056099031454307,-0.00163603493934692,0.0109124782001223,0.00217121190586127,0.0128795066530184,0.00145803334588706,0.0203001639554794,-0.0113103071560984,-0.00576961142550259
"137",2019-11-06,0.000227943965813527,0.000427625301069821,-0.0027729499845611,-0.000178014802571973,-0.0010067311702357,-0.00330228183579868,0.0053700043554801,0.00154803167636312,-0.000914373568566175,0.00413189427224189,-0.0115091958445196,0.00603352052802024,0.00561207261812977
"138",2019-11-07,0.00351055951445983,0.0114751458273297,0.00138732804345169,0.0131198853281882,0.0220515468053707,-0.00422441053858181,0.00609022225177337,0.00539912901535537,0.0133293897941984,0.0035823218935117,0.0145890892309731,-0.0182846662678753,-0.00783396261886843
"139",2019-11-08,0.00246305688075505,0.00273312380479398,0.0117155029304483,0.00191587058152951,-0.00170323567690698,-0.001298206170195,-0.00659239865702131,0.00291877534599994,0.000902393549782519,0.0118748382297647,-0.017817516148849,-0.00421616749322593,-0.00135135068629468
"140",2019-11-11,-0.00191157456125521,0.0078875945292538,0.00102710897713526,-0.00933144051911346,-0.0175594361813046,-0.0079999644565061,-0.00335466163357191,-0.00353442628503644,-0.00240827607257156,-0.00769871488406424,0.0444666169468511,0.000667014611873474,0.000318096495220585
"141",2019-11-12,0.00210576682346853,-0.000915786352832324,0.00654896058856085,-0.000300148964721205,0.00628080402322175,0.00357780780119023,0.00067188574431013,-0.00586684700103113,-0.00271613896793246,-0.00478490412342716,-0.0111806746772043,0.00458199748593132,0.000953795512615747
"142",2019-11-13,0.00032360160459331,0.00953601046202253,0.00163048721014438,-0.00061618069178762,-0.00495759371251306,-0.0140977921053483,0.0154938441290983,-0.00527872343099173,-0.00910736830347684,-0.000609151617533602,-0.00104770883020328,0.00646785281245131,0.00238056850250355
"143",2019-11-14,0.00145471353802695,-0.00694349636408438,0.00507839693644182,0.0103163724117905,0.000501357474670123,0.000849552047450587,-0.00273145745777814,0.000933591173717317,-0.00274851923844493,-0.00236438949825136,0.0135356059902502,0.0102765674844603,0.00521744507993801
"144",2019-11-15,0.00721033217653925,0.0118093617206665,0.0128177325936627,0.0176929143941151,0.00373002544607451,-0.00864893596767578,-0.0148633223290934,0.00720560031620635,0.00700883986763932,0.0299383883445761,0.0114731786029605,-0.00108824834163424,0.000157652396474573
"145",2019-11-18,0.0007373108898398,0.00502945427816351,0.00246409598147307,-0.0106720431217201,-0.00236376255940892,0.00746851366373841,0.0115424275851678,0.00837993667346825,0.000910733700174322,-0.000815630155688324,-0.00599081134775835,0.00181309229106953,0.0011031267067559
"146",2019-11-19,-0.00028843243825989,-0.00303715264104109,0.000332439185935435,-0.00397547726706216,0.00140979318021131,0.000148351645745729,-0.00299823942085756,-0.000306410414925943,-0.000607063631251085,-7.41982768301284e-05,-0.00668059038168621,0.00829835188170259,0.00196669109055627
"147",2019-11-20,-0.00372573561448085,-0.0117097004648458,-0.0017362291115293,-0.00947867670303764,-0.00972711201907484,-0.00415057529408014,-0.00635931969369657,-0.00730166263564817,-0.00761853289030073,0.00827312427933716,0.0105975913434722,0.0102944496946698,0.00141361051958485
"148",2019-11-21,-0.00161024789733463,-0.00449357133242172,-0.000936137547078717,-0.00130553926059933,0.00146733498000203,-0.00621802110954084,0.00610902087971847,0.00231149046117566,0.0045780442522926,0.00367141704631238,-0.0121246782784816,-0.00627843661886507,-0.00235712360500487
"149",2019-11-22,0.00222142250881037,-0.000878235909302683,0.000735685098415428,-0.0046289860290344,0.00934993446919034,0.00632683142114116,-0.00418019521854703,0.00659719537703169,0.0103000052112999,0.0118757958469806,0.0132833237502244,0.00128727176109132,0.00274948297445659
"150",2019-11-25,0.0077203038627168,0.0173818621503285,0.0109036069448718,0.00872399425907538,0.0111505916798611,0.0159796076020039,-0.003693252153046,0.00533784646900423,0.00870239294815593,0.000437339113044383,0.00480881550070454,0.00292654806806585,0.00344585525902728
"151",2019-11-26,0.002263119820976,-0.00783932623106883,0.00527601419151343,0.00523625599227008,-0.00134765411095245,0.0129385164336182,0.0022679093431981,0.00136790897422892,-0.00359193321177627,-7.27628521119505e-05,0.00101787878894651,0.00582720535305167,0.00257666889563318
"152",2019-11-27,0.00444766630079983,0.0133428031799214,0.00190573384300772,-0.000426461428473994,0.00224515486798461,0.0119323045376968,-0.0036141995489834,0.00295759681259225,0.0020967661304955,0.0042194083759001,-0.0148618560064588,-0.00290929725979793,-7.81227544944619e-05
"153",2019-11-29,-0.00371553302418294,-0.00220519587686421,-0.0061903358518056,-0.00613461245129721,-0.00157994373936915,-0.00978645214594893,0.00277485844975581,-0.00227434337679034,-0.00299660196905791,-0.0018892200308716,-0.00495792081740508,-0.00213437249653262,-0.00202959198182646
"154",2019-12-02,-0.00853102957578871,-0.0116296418243225,-0.0121624253334144,-0.0115921240206188,-0.0169028375109286,-0.0107192143305304,0.00159420881098317,-0.00220340021400335,0.00329594140834949,-0.000945997758134262,-0.0305003004417354,-0.0134225932444683,-0.00435029756253494
"155",2019-12-03,-0.0067291770096351,-0.0179908735575333,-0.00160612193064116,0.00414667532803537,-0.0251246320037865,-0.00655489806405694,-0.00512718199498468,-0.0129379127408736,-0.0178065705174667,-0.00145707612974899,-0.00876628065282377,0.0207506169624618,0.00768272536994933
"156",2019-12-04,0.00615133056593555,0.00878751558777669,0.00361010501221166,0.0193138630005295,0.0172829108081531,-0.0052511812606505,0.000168571564420052,0.0195337169929673,0.00939555694192056,0.0160558841516491,-0.00924511295203252,-0.0100353517516877,-0.00132857785153663
"157",2019-12-05,0.00179631250044351,0.0145644466225544,0.000533663983563036,0.00573116820826115,0.00554169459863905,-0.0115448184039001,0.00422260231236911,0.00542581180033317,0.00363296832387755,0.00129051752836669,-0.00909983204564681,-0.00487596086081628,-0.00109537680787247
"158",2019-12-06,0.00909260562573305,0.0191320442855306,0.0120659489393485,0.0093602481998103,0.0338232711868209,0.00636871648197188,0.00939440606581347,0.0147708206635264,0.0173760628868769,0.00585852088130318,0.0240376296981545,-0.00554994903383365,-0.000548110976683968
"159",2019-12-09,-0.00314902008221098,-0.0140990729629652,-0.00257328054513973,0.00219066166697631,-0.0125444318252576,-0.00119388779935776,-0.00351255015312567,-0.00467627360823717,-0.00476331514551552,0.000854402634446139,-0.00816681392458801,0.0021658746106578,-0.000156580307930246
"160",2019-12-10,-0.00111570250513115,0.00582742981073656,-0.00152068850467452,0.000818366817698061,0.000315560100522162,-0.00590478972967701,-0.0018448739823371,0.000669443130486338,0.00059671296252625,-0.00363642892531772,-0.00946920141616589,7.21983016326549e-05,0
"161",2019-12-11,0.00283460530533976,0.00849332115632348,0.00376441754580493,0.000267679422773129,-0.00311463083220193,0.00545311044173855,-0.00117575997628774,-0.00238207983035865,0.00327525763870897,0.00704698651239572,0.00601809085423658,0.00783018436016528,0.00390915816576958
"162",2019-12-12,0.0085820884613668,0.0025450050801172,0.0101004787021172,0.00389568956346685,0.0217341291415236,0.00661719132276719,0.00636625520921684,0.0282165075290401,0.0304474015873925,0.00255024230141517,-0.010656559042932,-0.0165948437135217,-0.00461452857561469
"163",2019-12-13,0.00059901679147107,0.013501644184165,0.00838291853339053,-0.00180872813233502,-0.00465583819677578,0.000346457399713183,0.00441574362719903,-0.00880556964448991,-0.00694449146291772,0.000282990052983547,-0.0134312353626458,0.0115012855229667,0.00648576247815073
"164",2019-12-16,0.00684643190628826,0.0169729805520102,0.00645034127500701,0.00984879721733248,0.0134206697482872,0.0046853733460049,0.00207610663026733,0.00386643365223141,0.00752096282873324,0.00289573133129681,-0.0438852416007591,-0.00903082970110858,-0.00226140991964207
"165",2019-12-17,0.000219143256595401,0.00196348011703731,-0.00541549982102358,-0.00445464874357495,0.0135457757393597,0.0120511887406359,0.0061202813803752,0.00609763331711366,0.00975059916207645,0.0124060067696353,0,-0.00137973148199406,-0.000780943239148815
"166",2019-12-18,6.25511258633384e-05,-0.00239226520212416,-0.00207075491425391,-0.00184655891599893,-0.00303290505173287,-0.00370941954991518,-0.0117775142387708,-0.00101371211020392,0.00199574758133091,-0.00258057232578678,0.0111909678997663,-0.0082462743324861,-0.000703322549976989
"167",2019-12-19,0.00409058850990978,0.00100039643776905,0.0086429785302158,0.00252526767813747,-0.00221549776559019,0.00461370211222878,0.00183381034758203,-0.00501094172953612,-0.00456750535210285,0.0149722229682736,0.00849170381157311,0.00159874231676131,0.000987122098603625
"168",2019-12-20,0.0043745977118799,-0.00207338302557052,0.0108585932529429,-0.00476789894192952,-0.00440218629045998,-0.00323017004615879,0.00174731588054605,-0.000801274233629368,0.000285978541524117,0.00487279142047998,-0.0166292509940295,0.00131814920050395,-0.000313252005083828
"169",2019-12-23,0.00152665059369065,0.0161866077716536,0,-0.000555878817099186,0.000698656597817815,0.00363179614166833,-0.0105299875117468,-0.000291509470691823,0.00598888052357105,0.00259830437145595,0.0287000806495743,-0.00146485496472619,0.000469904340891401
"170",2019-12-24,3.11510512622358e-05,0.00095020772701155,-0.000190633312464486,-0.00392208714847035,0.00357305974619569,-0.00211603476929239,0.00402452586004891,0.00276592607001581,0.00142074280014969,-0.00348877152509337,-0.0135711937851716,0.00285431065653589,0.00101726410461347
"171",2019-12-26,0.00530910265064773,0.0196461499594075,0.00816329711935508,0.0124559403318545,0.00563845703618188,0.0435063112892499,8.36131205683946e-05,0.0105560497293734,0.00848187394177515,-0.000685381997341974,-0.0092922427880136,0.00240866302025343,0.00179740845801968
"172",2019-12-27,-0.000247837822346539,-0.000379608840979916,0.00182605566939305,-0.00627516733315067,-0.00238163848869335,0.000551028338135627,0.000585524517602562,0.000718979310689224,-0.00479763494478331,-0.000548775209268567,0.000666667608822742,0.00109299703530288,0.00140436309499277
"173",2019-12-30,-0.00552847587850823,0.00591763404449233,-0.00865589847290449,-0.011718753189771,-0.00373537009353804,-0.0123283479525726,-0.00158995777190656,-0.00367215006438526,-0.00567363271260527,-0.00309221525225538,-0.0113932300333547,-0.00364774149177856,0.00179166791395339
"174",2019-12-31,0.00242639221135371,0.00727990701779572,0.000697742562533803,0.000658400559837361,0.000565488185701476,0.000514219456261919,-0.00470121735926938,0.00553896536681467,0.00198939371561348,0.00391515133891538,-0.00196266367724518,-0.00984227772641359,-0.00413341721051825
"175",2020-01-02,0.0093084255450968,0.0225600024232083,0.0183468449904732,0.0224459113234136,0.0189128119165365,0.0267886031616528,0.000841151932939991,0.0120505395406336,0.011854468747611,0.000685304493050947,0.022941991522695,0.0112298907600167,0.00210781391029003
"176",2020-01-03,-0.00760097509542916,-0.00976965737628081,-0.012529927727749,-0.00491928201672865,-0.0117622915202338,-0.012213330318973,-0.00886715682336684,-0.0132842611911946,-0.0209817104143206,-0.0116452605757046,-0.00168142910409846,0.0152828266068173,0.0034254334822805
"177",2020-01-06,0.00380775755747147,0.00793665405597895,0.00258150201245434,0.0243580175073181,0.0101820040267065,0.0147758867969356,-0.00203789892916445,-0.000795475507904334,-0.00143377896530994,-0.00124827294955782,0.00294067153531971,-0.00569463722096222,-0.00334736511648263
"178",2020-01-07,-0.00281576939169464,-0.00471407720315259,-0.00915956390699535,-0.000624200499385563,0.00656109117236799,0.00208937169377525,-0.0093079423846877,-0.0171467447472725,-0.00662162445202887,0.00608816608880916,0.010551230376137,-0.00492791685241144,-0.00257663530599903
"179",2020-01-08,0.00531543016548613,0.0159582117204049,0.0158027655173689,0.00784944326458893,0.00959320568120265,-0.00783930337891963,-0.00343762032384186,0.00777064595892196,0.0100591487687361,-0.000137811891429353,-0.0176779177857568,-0.00663288764632336,-0.00140821636476832
"180",2020-01-09,0.00675770896081489,0.0210184389741774,0.0124155856079788,0.0109839537379798,0.0201523239935688,0.00478779194272532,0.0102776111038276,0.00364458663778435,0.00171418306421948,0.00296184474699852,0.0148870021350656,0.00350420919468803,0.00476425803245258
"181",2020-01-10,-0.00288185935450891,0.00225808305791755,-0.0046377845518562,0.00694848612039758,-0.0020218604454616,-0.00945515597072362,-0.00838551337846214,-0.0100178940206524,-0.00831298049215144,-0.00227235074309482,-0.0192723225775847,0.00885158498311008,0.00280109427509503
"182",2020-01-13,0.00685381638010835,0.0211393899536927,0.0119526251867151,0.00662263318718249,0.0127228180382937,0.00431321430912522,-0.00430551467000848,0.00827014153024641,0.00916908619129906,0.00440234091814275,0.000908874868557626,-0.00303848861077222,-0.00241146964368832
"183",2020-01-14,-0.00152576441951998,-0.0135952820133454,-0.00706802681401896,-0.00581859134436846,0.00183348270248932,-0.0116255600034462,0.00258558798745788,0.011594422490392,0.00738848096393074,0.00561222275779309,0.00642952824200158,0.00513100242167825,0.00124536573176046
"184",2020-01-15,0.00225728198047962,-0.00429472696611403,0.00645536731568948,0.0057977264974061,-0.00183348270248937,-0.00397695854015713,-0.00777675848078069,-0.0150990147047435,-0.0185747080357059,0.00333865157161488,-0.00770220217021971,0.00660962493888829,0.00217568069318244
"185",2020-01-16,0.0082839769660518,0.0124486304104625,0.01815748463416,0.00864788012422152,0.0182252948438132,0.00851346929972748,0.00536382685300748,0.00386894427365115,0.00144121756206695,0.00806203431692076,0.00664853731661296,-0.00315570317101641,0.00139620102414226
"186",2020-01-17,0.00310772290135072,0.0110102356856834,0.00558112454340414,0.0195703269766998,-0.00104165626538072,-0.00706450775215677,-0.00814357765811228,0.00689784089179461,-0.000288071592870154,0.0065239716236206,-0.0239285570692925,-0.00858492418955019,-0.000154843634936369
"187",2020-01-21,-0.00196007264513058,-0.00680002984507273,-0.00359717039204693,0.0027050896640395,-0.0151873748744915,0.0145235784053423,0.00546522579892264,-0.00988951452129811,-0.0130493406337032,0.000670142202690842,-0.033821790404963,0.0104508131794625,0.00479489340886024
"188",2020-01-22,0.000120722635934897,0.0035632354794929,-0.00481638593659271,0.00104359900598486,0.00547953146186313,-0.00240248142886846,0.0044024300383884,-0.00116994415077478,0.00291469290872688,-0.00685668823073851,-0.0140433026250142,0.00350725654693062,0.000539913333467154
"189",2020-01-23,0.00114619636388983,0.00480427162751155,0.00613686676594091,0.00047101730392972,-0.0059680195309933,-0.00152702814551712,-0.00250094142234517,-0.00102485105594673,-0.00700954102617411,0.00188683305823161,0.028049495586571,0.00697761816384683,0.00131013990862503
"190",2020-01-24,-0.00893286873625422,-0.00288617483786271,-0.010127927326078,-0.0135035119982997,-0.0150156592454748,-0.0122471333297891,-0.012512097756463,-0.0251412827483392,-0.0171448884360127,-0.00141471119993322,0.0164162986594294,0.00805593704205058,0.00169284641846518
"191",2020-01-27,-0.0161592240956523,-0.0298462691558173,-0.0168646619802846,-0.0226237492076439,-0.015748379874941,-0.0180493949610665,0.0129437571736328,-0.00844709472984774,-0.0207870664058187,0.00289484487207623,-0.0201679107036232,0.0154347958276872,0.00192021486895937
"192",2020-01-28,0.0104245952404983,0.0278965893812104,0.0194063461248216,0.0129295361217918,0.0184728475751215,0.0135324217902467,0.00636664688772944,0.0180143642679629,0.011802338004809,0.00502939015233731,-0.000126352209346995,-0.00786213696512621,-0.000537261051538419
"193",2020-01-29,-0.000826339225379374,0.0207162596811617,0.0154724507597077,0.00417008485376749,-0.0101927655437699,0.00255978583695472,-0.00610779785000318,-0.00148882521422797,-0.00694355372921051,0.00693238113226611,0.0171007522214779,0.00973174248186337,0.00321924507826669
"194",2020-01-30,0.00324010273170837,-0.00145010063463093,0.0278171133111979,-0.00191461217995598,0.0165620519955338,0.00680138960531396,0.00593631594800293,0.0122909986633399,0.0141377588273001,-0.00119644123616647,0.00396703137501798,0.000138371706837493,0.000612104359309258
"195",2020-01-31,-0.0183247576211797,-0.0453517628555295,-0.0148686866704939,-0.0149549243845094,-0.0264811858742099,0.071195658863188,-0.0180902755951714,-0.0263202707685009,-0.0196054892858459,-0.00995898428466856,-0.0156805876593177,0.00908832953952074,0.00259692574019861
"196",2020-02-03,0.00740106667859819,-0.00275006890860449,0.0240864055219473,0.0354194230367686,0.00528571669558422,-0.00225273466671546,-0.00192342396201859,0.00760177862763334,0.00425537555422142,0.00869454525319991,-0.00715782433110486,-0.000810369296334876,-0.000788115295362274
"197",2020-02-04,0.0151263235925955,0.0324803920422841,0.032386471810172,-0.0265067438115632,0.0121843982963662,0.0224338123342562,0.0087130922994206,0.0142932847352811,0.0195229254759265,0.00947762649655997,0.00612047900159619,-0.0135585818079037,-0.00245210366931612
"198",2020-02-05,0.0114818319709161,0.00812132512083966,-0.00122218383261765,0.00080132220614242,0.00970721636703626,-0.00479268864345249,0.0132715079817465,0.0168576749518904,0.0319067887457814,0.015642129763131,0.0358653666205472,-0.0109949335600662,-0.000614018663851937
"199",2020-02-06,0.00335916424286083,0.0116290250314716,0.0205217739255603,0.0191494197299578,-0.0102033603158087,0.00506589433962597,-0.00428962248222813,0.000145434685004179,-0.00115314596919673,-0.00299172130132298,0.0354146449649659,0.00449661881619942,-0.000460771194216345
"200",2020-02-07,-0.00534390677975149,-0.0136858870918035,0.00141489041362956,0.00203014154884268,-0.0159229637780358,0.0140697216652735,0.00120293646756287,-0.00320264718457174,-0.00173199798372594,-0.0107394097686668,-0.0138018432715716,0.0124008826050971,0.00383325237429666
"201",2020-02-10,0.00743759955500376,0.00473827698682796,0.0258206573137553,0.0197134635252876,-0.00269268643301714,0.0259342425416853,-0.0103582826239051,0.00414689259195159,0.00230875169186233,-0.000197471808204755,0.0232466561897904,0.00276579077606363,0.00236913598256684
"202",2020-02-11,0.00173156072167341,-0.00605155967982141,-0.022834169270691,7.28988169949386e-05,-0.00379892142229004,0.00788395230478454,0.00130066165443841,0.00188582021869548,0.00230352046502495,0.000855716604072622,-0.000725634407368122,-0.00505315828816624,-0.00145145975153222
"203",2020-02-12,0.00642208335602941,0.023470185821593,0.00146277382903915,0.00626351100281096,0.00921894439600832,0.00426833296046748,0.00389185666973825,0,0.00430475727585546,-0.00593917383367632,0.00875894388622109,-0.00507882243674376,-0.000458790507259541
"204",2020-02-13,-0.0010675324653807,-0.00714655448578198,-0.00542855621921095,-0.00238052816287596,-0.0012578412869069,-0.00470079207897635,0.0136313605199193,-0.000869893269985853,-0.000286421469807807,-0.00664049999072077,-0.00748319904483702,0.0038289181196915,-0.000688465273523973
"205",2020-02-14,0.00160087164240831,0.000246274351489427,0.0088874761576711,0.00400603813864824,-0.00534255293921266,-0.00700161991584654,0.00382445013339691,-0.00305077216483549,-0.00172019598750862,0.000266487679666176,-0.00681982128455016,0.00436784725713003,0.00244591031409882
"206",2020-02-18,-0.00258038496697737,-0.018480258484271,0.0100918724135029,-0.000703816940611521,-0.0164582346767246,0.00969573422229899,0.0146516187935379,-0.0133286689851697,-0.0167827538368838,-0.0066161696860381,-0.00473965004571243,0.00682543851869805,0.00190690690287835
"207",2020-02-19,0.00476987858634465,0.0143788697365979,0.00299464394919843,0.00460871956036182,0.0175122148009976,0.00672698761573999,-0.0164345381852427,0.0135469091063489,0.0130455574072503,-0.00134190329396178,-0.00171303685233974,-6.86647928697914e-05,-0.00137248606154874
"208",2020-02-20,-0.00411673126707709,-0.0103119533712076,-0.0153890635768726,-0.00560945040868643,-0.0195726227895156,-0.00791982190152395,8.49730438550521e-05,0,0.00373719642963346,-0.00383440442919888,-0.00598889702180348,0.00780288798945208,0.0033519282528659
"209",2020-02-21,-0.0103516345115402,-0.0228951352914511,-0.0321231008304467,-0.0220036706444709,-0.00910767389737167,-0.0268922700945768,0.00753377808925351,-0.0122944330463263,-0.0141599157474802,0.0104593282857802,-0.0177006210323012,0.00929727886820384,0.00197530285792951
"210",2020-02-24,-0.0337278075544547,-0.0486655763342839,-0.0440725846286376,-0.0437128938959631,-0.0267174423565473,-0.0422349942949741,-0.0192428406731932,-0.027243507021527,-0.0486010551275971,-0.0208220212087984,-0.0385066732181854,0.0148181355821029,0.000151904586818202
"211",2020-02-25,-0.0307708013119504,-0.034459133310235,-0.0166394678693129,-0.0235879578468004,-0.0313493645395623,-0.0183580109771714,-0.0167313790911866,-0.0456700104679202,-0.0517276081264789,-0.00867303074737987,-0.0442486780111929,0.0053104343395635,0.000985865172465128
"212",2020-02-26,-0.0036850249377265,0.0157391610206581,0.0124173246926052,0.00340096098383953,-0.00844516521072602,0.00346630111095718,-0.00534686112048603,0.00300507968399637,-0.0145846088410545,-0.00672843410819819,0.00475615012274539,-0.0053104343395634,-0.00372168040996706
"213",2020-02-27,-0.0459514627184442,-0.0676026301203156,-0.0730643447925043,-0.0554052494913926,-0.0478891420619644,-0.0493333102313413,-0.0301566415326315,-0.042504664845909,-0.0502113647617662,-0.0322517217286806,-0.0601174870159001,0.0107902316164034,-0.00534105087229574
"214",2020-02-28,-0.00421033093196073,-0.000585152180267949,0.0239244500221459,0.0159857628340804,-0.0181145494941179,-0.000291954192090982,-0.024946243126339,-0.0443057021395571,-0.0218644621679328,-0.0339213747496715,-0.0449558709742979,0.0223323611189807,0.0111833414828477
"215",2020-03-02,0.0423949724072279,0.0890183602732338,0.064418912953392,0.0364937874338898,0.0424205416028459,0.0365884687208873,0.0733912552200954,0.0455407934019099,0.0300696594508241,0.0403698387602389,0.0501895068312243,-0.00738467155879686,-0.00099411292992612
"216",2020-03-03,-0.0290503937095397,-0.0322745470318304,-0.0491056155753866,-0.0349568425625058,-0.029258604837639,-0.0232786385326203,-0.025964067096716,-0.0382468422331654,-0.0567378416359843,-0.0321497011428818,-0.0303590468473156,0.0154062353929407,0.0113251181370739
"217",2020-03-04,0.04117368444874,0.0453409521270311,0.0360571982167647,0.0330906242646618,0.0257675513911596,0.0344142398200562,0.0336150712363272,0.0244089427489498,0.0228010501215177,0.0565600278121147,0.00886939522869156,-0.0106753612480703,0.00142545429267619
"218",2020-03-05,-0.0338067717467897,-0.0329747397291879,-0.0254155293452601,-0.0498927963580761,-0.0488405264117581,-0.0265665812568161,-0.00730585986226445,-0.0503056370563985,-0.0520211119611565,-0.0102981823374985,-0.08376714125603,0.0245869942370778,-0.000374959791269547
"219",2020-03-06,-0.0166692540771941,-0.0133690930801226,-0.0286744684959312,-0.0157637636855864,-0.0303362401668907,-0.011994571705509,0.0112375868967467,-0.0530636069422467,-0.0407753952218993,0.000140853404137692,0.00749952651153482,0.0507348500863052,0.00695050242855359
"220",2020-03-09,-0.0813125111548365,-0.0823952342624314,-0.0701784531365305,-0.0659355406659137,-0.109720002274004,-0.0543018999539379,-0.000597315398206222,-0.145552162950369,-0.159024419952629,-0.0401533236433679,-0.143904576561207,0.0267423733329751,-0.0245791428863988
"221",2020-03-10,0.0504506109332218,0.0695461864372719,0.066147259175969,0.0519598062435366,0.0646434437344431,0.0494138120885458,0.0221997025459901,0.0748262686608827,0.0738148310225583,0.0374036479746476,0.0167623509128619,-0.0526184946764679,-0.022774700643288
"222",2020-03-11,-0.0499767714356019,-0.0353479502593921,-0.0463601879647565,-0.0520832343355746,-0.0699814257045477,-0.0382303914217579,-0.0457769973328004,-0.0482143912915204,-0.0406279289329173,-0.0720029753533836,-0.200290761481443,-0.0374917669825003,-0.033427746410075
"223",2020-03-12,-0.100568852760154,-0.103977767790801,-0.0996416663997042,-0.0863077817421259,-0.131696395154618,-0.0825350200083411,-0.0950916607570083,-0.0860265466374441,-0.100129892435148,-0.0496972430988258,-0.19977791662624,0.00617775020883716,-0.0488950473574006
"224",2020-03-13,0.0820280314096608,0.113157478177873,0.132928980150553,0.0898557917184898,0.16195137595598,0.0626445265225273,0.0922036551485635,0.165620350330605,0.163785800982325,0.0684131867357457,0.0945818986366226,-0.0228625803510975,0.0424147013479538
"225",2020-03-16,-0.115886508310702,-0.137708050437208,-0.159453415150511,-0.117667262224819,-0.13588052727968,-0.0551929571942656,-0.0664919103356967,-0.162105838684195,-0.167204558807433,-0.0547914271029477,-0.272444249362214,0.0627546459910455,-0.0143239469031155
"226",2020-03-17,0.0525849438693147,0.0430308324797337,0.0791221325093263,0.0321878975356023,0.0255973760971481,0.0679072856344881,0.110722689205711,0.0593189865136602,0.0726391347162939,0.0717735473659405,-0.0431199962206525,-0.0690103877801501,-0.0418358454752293
"227",2020-03-18,-0.0519597447665144,-0.0247845769941953,-0.0430077289412912,-0.0207532477490829,-0.125041263024822,0.0121832231815047,0.0274578969473949,-0.111231936130418,-0.0556607990055068,-0.012005218625148,-0.197516162758397,-0.0580662160245831,-0.0513249428625551
"228",2020-03-19,0.00212268434843536,-0.00769155897542266,0.0163191993061534,0.0167176018078189,0.0654442362920769,0.0274503972345579,-0.0214510849380716,0.0166680520572202,0.0195290788778084,-0.0603977567260077,-0.0418898924498033,0.026861482980509,-0.0506695859158917
"229",2020-03-20,-0.0440502851036505,-0.0655903323741526,-0.0382821919375196,-0.0392900205404995,-0.0770092106002196,-0.0186964935501329,-0.0469625840148247,-0.0213278004542171,-0.0749065964468092,-0.0580060860003407,-0.028021727452811,0.0725024592173333,0.0159594935240132
"230",2020-03-23,-0.0259007549999772,-0.0214730589076722,-0.0100246695430783,-0.0147493457328106,-0.0251677848780116,0.0302723580297222,0.00271630397025212,-0.0550191785612027,-0.0842882774369375,-0.0757839885244684,0.105865605413424,0.0403828935572869,0.0713135460327983
"231",2020-03-24,0.0867309945561148,0.0956059562805385,0.086999122661109,0.0710816029398737,0.129299320845827,0.0193972772005467,0.00654138660239967,0.112383798541772,0.151143682301694,0.0698442964647183,0.189679358019001,-0.0187898744963064,0.0202934930559567
"232",2020-03-25,0.0148592320338916,-0.00552398226417256,-0.00961870200471567,-0.0285854834832014,0.00991164753120023,-0.0283661788155694,-0.0501820469451183,0.0366382778920729,0.00332300321629617,0.00184426239008752,0.217677486682626,-0.00227384224246426,0.0467609008182662
"233",2020-03-26,0.0567486991365218,0.0512851398252724,0.0606726860356989,0.0523562400503837,0.0664583777220134,0.0362674693524533,0.00383175358131022,0.0673417165256138,0.0739725093568443,0.0583162970954365,0.128803143955238,0.00490987351720376,0.000815444746204327
"234",2020-03-27,-0.0302382598653568,-0.0422837371202018,-0.0419276219888126,-0.0449280736139868,-0.0459772905480916,-0.0287342925694721,-0.00218776748895133,-0.0739042781176732,-0.0505522351487458,-0.0273111592699805,-0.108411429106978,0.0263426853425586,-0.00203992141784993
"235",2020-03-30,0.0319595264080944,0.0281383322382152,0.0679769866701719,0.0319934322518915,0.00805136464227357,0.033051222674581,0.0499280619392581,0.025674480581287,0.020165714966644,0.0769399202396691,-0.061875410284938,-0.00826291671051631,0.0120967561996751
"236",2020-03-31,-0.0150175869897503,-0.00204284105296861,-0.0158523101709448,0.0138466927151062,-0.0320195339901193,-0.00727196876187521,-0.0137233827682507,-0.0378185580282723,-0.0374437539415988,-0.0142350401006135,-0.0208354695369066,-0.00815000764352352,-0.00331403161203854
"237",2020-04-01,-0.0460490410682409,-0.0540518841303558,-0.0361539979868881,-0.0504332812656235,-0.0620447282296041,-0.0217874553741866,0.0045661828146089,-0.0650495987637858,-0.0712496385326392,-0.0178508007921805,-0.131980857733692,0.0139132911189544,-0.0146358111817355
"238",2020-04-02,0.0228131828027489,0.0165489904919216,0.0204971488756477,0.0136721147928187,0.0314367749146127,0.00581730009068792,0.0387522433906809,0.0366597679785822,0.0396680664823403,0.0331378323167283,-0.0585275504502415,0.00632581331946629,0.00263222156411155
"239",2020-04-03,-0.0145596747030338,-0.0144756774598425,-0.00925298920446418,-0.0206973218116176,-0.0202122365722365,-0.00639931407257542,0.00697101871864109,-0.0300033983413002,-0.026602504062028,0.00763137049793823,0.0100892742542857,0.0023766736848073,-0.00518886802244028
"240",2020-04-06,0.0650067379365798,0.0836400442007694,0.0717324147865293,0.0779807015768108,0.0740934102051158,0.046625148651111,0.0536882897864645,0.0623796912788579,0.0656922767406572,0.0408189923542669,0.177935194575401,-0.00261470319285596,0.0195435308903178
"241",2020-04-07,0.00101896272932679,-0.0116499038797792,-0.0108286673853233,-0.00034552019208513,0.0480586416691367,0.00698897644169338,-0.0328982504773184,0.0131040188605725,0.0344624057698763,-0.0164482071636935,-0.0495365735839609,-0.0105276423609913,0.00153741990502429
"242",2020-04-08,0.0330172952019907,0.0252725686488733,0.00998121578383973,0.0198355283224623,0.0638154707705593,0.0154889024506139,-0.00123038200889465,0.0395856157656788,0.0574846554228393,0.0411827033982354,0.0366828652497262,-0.00730264872800053,0.0178698129432206
"243",2020-04-09,0.0151027368273365,0.00719017070169506,6.05201797436948e-05,0.00096618706517547,0.0404240186542853,-0.000117476307804964,-0.0003282958506267,0.0859149702517358,0.058389588771615,-0.0142713875263493,0.0332795007960398,0.00181555971281854,0.0459458311585997
"244",2020-04-13,-0.00917208584685549,0.0194374979896166,0.00223799280897936,0.00503095570815938,-0.027956928442645,0.0599045090118704,0.0283305059382219,-0.045491794154637,-0.0385451972253947,-0.0103914956431185,-0.0301523262238673,-0.00917183203458777,-0.00975691081609329
"245",2020-04-14,0.029066322960058,0.0492692477524333,0.0482980702331083,0.0415614970945615,-0.00531601950972273,0.0514242054145615,0.0291015185171118,-0.0277781500631871,-0.00797485863475887,0.0438138300892129,-0.0439150919160624,-0.000244165751719076,-0.00491438432665069
"246",2020-04-15,-0.0214770922626909,-0.00916922182172877,-0.0105330679790451,-0.00534030508865576,0.00162583357467325,0.0106121074321271,-0.00186223676300077,-0.0505770890885899,-0.0670982884378259,0.011100287515806,0.0347097082443038,0.0261444753455991,0.00667458068851251
"247",2020-04-16,0.00481269456565842,0.00791434660468303,0.0295790682068495,0.000791784504149261,-0.00832500596381567,0.0426327421023631,0.0273486503000175,-0.038855089070816,-0.0353167169902435,0.013520496458046,-0.0838403186568544,0.0112928924263592,-0.00498252527492011
"248",2020-04-17,0.026656963287199,-0.0136616080024335,0.00877304583331671,0.0155340414161589,0.0357845411425969,-0.0138779660019972,-0.00158825522048459,0.0860757663656857,0.0832696007989597,0.0155792602718971,0.137323322448012,-0.013495310114209,0.00329888668538867
"249",2020-04-20,-0.0177750272424888,-0.0209751501965783,-0.0200199411573855,-0.0130518940795078,-0.016983622977204,0.00780529381252857,-0.0173305783622857,-0.037138422026048,-0.0340793566081881,-0.00230502257343926,-0.0698513033777984,0.00801266115570994,-0.00568394637103481
"250",2020-04-21,-0.0308337605240031,-0.0313981346460409,-0.0422367427263576,-0.0404977066066122,-0.0372138373005284,-0.0277416061115184,-0.00494094240641777,-0.0294333702423075,-0.0389719014428157,-0.013207459677384,-0.0520228671675072,0.0125129493929863,-0.00354970652691814
"251",2020-04-22,0.0219518244792929,0.0283965339203825,0.0334008714174365,0.0378097476848649,0.012407592418988,0.0150782108102297,0.0182519558551015,0.00325122772658444,0.0073665161559239,0.0218729572617638,-0.0100258929380792,-0.0102691397514588,0.000618245762139422
"252",2020-04-23,-7.17295505379597e-05,-0.00388296167765067,-0.0121762157672298,0.0103170788942817,-0.00529866494892363,0.0151001880053492,-0.0235286654228465,0.00055953676163418,0.00320595648992979,0.0163374136198109,0.0203153474865829,0.00529449447397873,0.00424009412306847
